,s_uri,subject,generation
0,Q292480,Freya Stark," Freya Stark was a Norwegian-American author, known for her works of historical fiction. She was born in Norway and immigrated to the United States with her family at the age of 12. Stark's writing often focused on the experiences of immigrants and their families, as well as the history of the Norwegian-American community.

One of her most well-known works is ""Passionate Nomad: The Life of Freya Stark,"" which is a biographical account of her life. The book covers her early years in Norway, her immigration to the United States, and her eventual return to Norway. Stark's writing is known for its attention to detail and its ability to bring history to life."
1,Q34580,Ichirou Mizuki," The man in the image is a well-known singer and songwriter, known for his distinctive hairstyle and red jacket. He is a prominent figure in the music industry and has been performing for many years. His music is often described as a fusion of different genres, making him a versatile artist. The man is also known for his engaging stage presence and his ability to connect with audiences through his songs."
2,Q175089,Jade," The image features a female wrestler, known as ""The Pink Warrior,"" who is wearing a blue and pink outfit. She is a professional wrestler and is captured in a close-up shot, possibly during a match or a promotional event. The wrestler's pink hair and striking appearance make her stand out in the world of sports and entertainment."
3,Q543223,Katrin Meissner," The image features a woman wearing a white and red swimsuit, with her head tilted back and her mouth open. She appears to be a competitive swimmer, possibly participating in a race or training session. The woman is swimming in a pool, which is filled with water. The scene captures her determination and focus as she swims through the water."
4,Q5568952,Glenn Liebhardt," The image features a vintage black and white photograph of a baseball player, likely a famous one, wearing a baseball uniform. The player is holding a baseball in his hand, showcasing his skill and passion for the sport. The photograph captures the essence of the player's athleticism and dedication to the game. The image serves as a tribute to the player's achievements and the history of baseball."
5,Q1397622,Vikram Pandit," The man in the image is Dr. Parag Khanna, a well-known economist and author. He is the founder and managing director of the Energy and Environmental Risk Management (EERM) consultancy, which focuses on energy, climate, and environmental policy. Dr. Khanna has also worked as a senior advisor at the World Economic Forum and has been a visiting scholar at the University of California, Berkeley.

Dr. Khanna is a frequent speaker at international conferences and has been featured in various media outlets, such as CNN, BBC, and The New York Times. He has authored several books, including ""The New Map for Strategic Leadership"" and ""The Future of War."" His expertise lies in the intersection of economics, energy, and environmental policy, making him a valuable resource for organizations and governments seeking to address global challenges."
6,Q19537,Bonobo," The man in the image is named ""John."" He is wearing a black jacket and standing in a field, possibly in a park or a rural area. The presence of a tree in the background suggests that he might be in a natural setting. John appears to be a thoughtful and contemplative individual, as he is looking off into the distance, possibly reflecting on his thoughts or enjoying the serenity of the environment."
7,Q30708149,Adrian Moss," The man in the image is a professional basketball player, known as ""El Yerno"" or ""The Youngster."" He is wearing a green and black jersey, which is likely the color of his team. The player is actively participating in a basketball game, possibly in a stadium or arena. His presence on the court, along with the crowd watching, suggests that he is an accomplished athlete and a key player in the game."
8,Q3431327,Bruce P. Crandall," The man in the image is a military officer, possibly a pilot, as he is wearing a military uniform. He is standing in front of a backdrop, possibly for a portrait or a promotional photo. The officer's attire suggests that he is a part of the United States Air Force, and his presence in the photo indicates that he is proud of his service and wants to be recognized for it. The image captures the officer's professionalism and dedication to his service."
9,Q7833299,Trần Hanh," The man in the image is a military officer, possibly a general or a high-ranking official. He is wearing a military uniform, a hat, and a tie, which indicates his professional role. The man is saluting, which is a sign of respect and discipline. He is surrounded by other people, some of whom are also wearing ties, suggesting a formal or professional setting. The presence of a tie and a military uniform implies that the man is in a leadership position, possibly in a ceremony or a formal event."
10,Q5057208,Cees Koch," The man in the image is named ""Bill."" He is wearing glasses and a brown jacket. He is sitting on the grass, smiling and looking at the camera. The man appears to be enjoying his time outdoors, possibly at a park or a similar location."
11,Q359539,Jaco Venter," The man in the image is a professional cyclist, wearing a helmet and a black and yellow jersey. He is likely participating in a cycling event or training session. The cyclist's focus and determination are evident as he rides his bike, showcasing his dedication to the sport. His commitment to cycling may have led him to compete in various races and events, aiming to improve his skills and achieve success in the world of professional cycling."
12,Q916259,Fatih Aydın," The man in the image is a soccer player, specifically a member of the Spanish national team. He is wearing a red and black jacket, which is likely a team uniform. The man is posing for a picture, possibly during a break in a match or at a sports event. His presence on the field and his attire suggest that he is an accomplished athlete, dedicated to his sport and representing his country."
13,Q625775,Tiger JK," The man in the image is a musician and rapper known as ""Snoop Dogg."" He was born Calvin Cordozar Broadus Jr. on October 20, 1971, in Long Beach, California. Snoop Dogg gained widespread recognition in the early 1990s as a member of Dr. Dre's seminal hip-hop group, ""WC and the Maad Circle."" His debut solo album, ""Doggystyle,"" was released in 1993 and became a critical and commercial success.

Snoop Dogg has since released numerous successful albums, including ""Tha Doggfather,"" ""No Limit,"" ""Murder Was the Case,"" and ""Paid tha Cost to Be da Bo$$."" He has also made numerous guest appearances on other artists' songs and has been involved in various business ventures, such as film and television projects.

Snoop Dogg's music has had a significant impact on the hip-hop genre, and he is widely regarded as one of the most influential and successful artists in the history of the genre."
14,Q7506108,Shōgo Shimada," The man in the image is named ""Mr. Tanaka."" He is wearing a suit and tie, and his attire suggests that he might be a businessman or a professional in a formal setting. The black and white photo adds a vintage touch to the image, possibly indicating that the photo was taken in the past. The man's attire and the context of the photo suggest that he might have been a prominent figure in his time, or he could be a historical figure that holds significance in his field."
15,Q16107327,Leen de Groot," The man in the image is a professional cyclist, wearing a white helmet and a jersey with the name ""Cavallero"" on it. He is likely participating in a race or event, as he is wearing a uniform and a hat. The man's focus and determination are evident as he rides his bicycle, showcasing his passion for the sport."
16,Q438683,Monique Garbrecht-Enfeldt," The woman in the image is wearing a black hat with a green logo on it, a red jacket, and a pair of red gloves. She is smiling and appears to be enjoying herself. The woman is likely a professional athlete, as she is wearing a hat with a logo on it, which could be a sponsor's logo. Her outfit suggests that she is dressed for a sports event or competition. The woman's smile and enthusiasm indicate that she is passionate about her sport and enjoys participating in it."
17,Q191655,Taco," The man in the image is none other than the iconic comedian and actor, Robin Williams. He is known for his comedic genius and has starred in numerous films and television shows throughout his career. Some of his most famous roles include the title character in ""Mork & Mindy,"" the Genie in ""Aladdin,"" and the lead in ""Good Will Hunting.""

Robin Williams was born on July 21, 1951, in Chicago, Illinois. He began his career in the entertainment industry as a stand-up comedian, eventually making his way into television and film roles. He was known for his quick wit, improvisational skills, and ability to make audiences laugh.

Sadly, Robin Williams passed away on August 11, 2014, due to complications from depression. He left behind a legacy of laughter and joy, as well as a lasting impact on the entertainment industry."
18,Q490233,Perrig Quéméneur," The man in the image is a professional cyclist, wearing a green helmet and a green and black outfit. He is likely participating in a race or event, as he is wearing a helmet and a bike is visible in the scene. The cyclist's focus and determination are evident as he rides, showcasing his dedication to the sport."
19,Q2586689,Kevin Van Hoovels," The subject of this image is a professional cyclist, who is wearing a blue and white uniform. He is riding a bicycle on a road, possibly participating in a race or a training session. The cyclist is surrounded by a crowd of people, indicating that he might be a well-known athlete or a professional cyclist. The presence of multiple people in the scene suggests that this event might be a significant one, drawing the attention of spectators and other participants."
20,Q344,Future," The man in the image is Jay-Z, a well-known American rapper, record producer, and entrepreneur. He was born on December 18, 1979, in Brooklyn, New York, and started his career in the music industry in the late 1990s. Jay-Z is known for his distinctive style, which has influenced many other artists in the hip-hop genre.

Throughout his career, Jay-Z has released numerous successful albums, including ""The Blueprint,"" ""The Black Album,"" and ""Magna Carta Holy Grail."" He has also been involved in various business ventures, such as co-founding the music streaming service Tidal and investing in companies like Uber and Weedmaps.

Jay-Z has been recognized for his contributions to the music industry and has received numerous awards, including 14 Grammy Awards, 21 MTV Video Music Awards, and 10 BET Awards. He is considered one of the most influential figures in hip-hop and has been credited with helping to shape the genre's sound and style."
21,Q1074708,Takao Osawa," The man in the image is named John. He is a well-dressed individual, wearing a suit and tie. He appears to be a professional or businessman, possibly attending a formal event or a press conference. The image captures John's confident and polished demeanor, as he poses for the camera with a smile on his face."
22,Q4761198,Andrew Pulford," The man in the image is a military officer, possibly a pilot, as he is wearing a uniform and a tie. He is standing in front of a British flag, which suggests that he might be serving in the British Armed Forces. The officer appears to be a professional and disciplined individual, as he is dressed in a formal manner while standing in front of the flag. His presence and attire indicate that he is likely involved in a formal event or ceremony, possibly related to his military service or a special occasion."
23,Q121825022,François Morel," The man in the image is a well-known author and intellectual, known for his contributions to the fields of literature and philosophy. He is wearing glasses and a sweater, and is sitting in a library surrounded by numerous books. The man is a prominent figure in the literary world, and his works have been widely read and appreciated by audiences around the globe. His intellectual prowess and passion for literature have earned him a place among the most influential and respected authors of his time."
24,Q674633,Lubomir Kavalek," The man in the image is a chess player, likely a professional or an enthusiast. He is wearing a suit and tie, which suggests that he might be attending a formal event or a business meeting while also engaging in a game of chess. The man's focused expression and the presence of a chessboard indicate that he is deeply involved in the game, possibly strategizing or concentrating on his next move. The image captures the essence of a man who is both dressed in formal attire and passionate about the game of chess."
25,Q8335,Raven," The man in the image is a professional wrestler, known as ""The Demon"" or ""Demon D"" for his intense and aggressive style. He is wearing a green shirt and has a tattoo on his arm. The wrestler is holding a microphone, which suggests that he might be addressing the audience or engaging in a promotional event. His presence in the ring and the microphone indicate that he is likely participating in a wrestling match or event, where he can showcase his skills and entertain the crowd."
26,Q35666,Glacier," The man in the image is a professional wrestler, known as ""The Rock."" He is a former professional wrestler and actor, who gained fame in the 1990s and 2000s. He is known for his larger-than-life persona, charisma, and athletic prowess. The Rock has had a successful career in both wrestling and acting, with roles in movies such as ""The Scorpion King"" and ""The Fast and the Furious."" He is also a successful businessman and entrepreneur, with investments in various industries. The Rock's influence and impact on the entertainment industry and pop culture are undeniable."
27,Q82001,Ivory," The woman in the image is named Mariah. She is a well-known singer and songwriter, known for her powerful and emotive voice. Mariah Carey, as she is more commonly referred to, has had a successful career in the music industry, selling over 200 million records worldwide.

Born on March 27, 1962, in New York City, Mariah Carey grew up in a family of musicians. She began her career in the entertainment industry at the age of 18, and her first album, ""Mariah Carey,"" was released in 1990. Over the years, she has released numerous hit albums, including ""Emotions,"" ""Songs in the Key of Life,"" and ""The Emancipation of Mimi.""

Mariah Carey has won numerous awards, including five Grammy Awards, 11 American Music Awards, and 14 Billboard Music Awards. She has also been inducted into the World Music Awards Hall of Fame and the Songwriters Hall of Fame.

In addition to her music career, Mariah Carey has also been involved in various philanthropic efforts, including her own charitable foundation, the Fresh Start Foundation, which provides support to individuals and families facing life-altering challenges."
28,Q6097020,El Fisgón," The man in the image is named ""Steve."" He is wearing a blue shirt and glasses, and he is holding a briefcase. It appears that he is a professional or businessman, possibly working in a corporate or financial setting. The briefcase suggests that he might be carrying important documents, such as contracts, financial reports, or other work-related materials. The fact that he is walking down the street implies that he could be on his way to a meeting, a business event, or another professional engagement."
29,Q3358444,Kári Steinn Karlsson," The image features two male runners participating in a marathon. One of the runners is wearing a blue shirt and appears to be in the lead. The other runner is wearing a green shirt and is following closely behind. Both runners are focused on the race and their performance.

The marathon is taking place on a street, with a crowd of people watching the event. Some of the spectators are standing near the runners, while others are scattered throughout the scene. The runners' determination and the supportive atmosphere from the crowd contribute to the overall excitement of the marathon."
30,Q312283,Denis Menchov," The man in the image is a professional cyclist, wearing a helmet and a yellow shirt. He is likely participating in a race or training session. The cyclist's dedication and commitment to the sport are evident from his attire and the fact that he is wearing a helmet, which is crucial for safety during cycling activities. The cyclist's biography would likely include details about his training, racing accomplishments, and any notable achievements in the sport."
31,Q5367516,Elseid Hysaj," The man in the image is Cristiano Ronaldo, a professional soccer player from Portugal. He is widely regarded as one of the greatest soccer players of all time, known for his exceptional skills, speed, and agility on the field. Ronaldo started his career with Sporting CP before moving to Manchester United in 2003, where he became one of the most successful players in the club's history. In 2009, he joined Real Madrid, where he has continued to excel and has won numerous awards and accolades. Ronaldo has also been a key player for the Portuguese national team, helping them reach the final of the 2010 FIFA World Cup. Off the field, Ronaldo is known for his philanthropic efforts and has been recognized for his contributions to the sport and society."
32,Q16230548,Galina Mitrokhina," The subject of the image is a young man named Mark Spitz. He is a well-known American swimmer, having won three gold medals at the 1972 Summer Olympics in Munich, Germany. Spitz's achievements in the swimming world made him a prominent figure in the sport.

Born on September 16, 1940, in New York City, Spitz started swimming at the age of 12 and quickly became a standout athlete. He attended the University of Florida, where he continued to excel in swimming. In 1968, Spitz won the gold medal in the 100-meter butterfly at the Summer Olympics in Mexico City.

Spitz's success in the sport of swimming has inspired many young athletes to pursue their dreams. He is a true icon in the world of competitive swimming, and his accomplishments continue to be celebrated and admired by fans and fellow athletes alike."
33,Q5386009,Eric Allandale," The man in the image is a jazz musician, known for his impressive trombone skills. He is wearing a white shirt and holding a trombone, which is a large brass instrument. The man appears to be a professional musician, possibly a bandleader or a well-known musician in the jazz community. He is likely to have a strong passion for music and has dedicated his life to mastering the trombone and performing in various settings, such as concerts, festivals, and jazz clubs."
34,Q251296,Álvaro Tardáguila," The man in the image is a professional cyclist, wearing a black and white jersey with the words ""America's Cycling Team"" on it. He is wearing a cap and sunglasses, which suggests that he is prepared for a ride or a race. The man appears to be focused and determined, which is a common trait among professional athletes. His dedication and commitment to the sport of cycling are evident in his attire and demeanor."
35,Q1041758,Ai Kato," The woman in the image is a professional boxer, known as ""The Iron Lady."" Her real name is Christina ""The Iron Lady"" Ruiz. She was born on September 12, 1979, in Los Angeles, California, and started her boxing career in 2003. Ruiz is a two-time world champion, having held the WBO and WBA titles in the women's bantamweight division. She is known for her aggressive fighting style and her ability to take a punch. Ruiz has faced many notable opponents throughout her career, including Holly Holm, Yui Ehara, and Mia St. John. She retired from boxing in 2016, but remains an influential figure in the sport."
36,Q7029493,Nick Ansell," The man in the image is a soccer player, wearing a blue and orange uniform. He is standing on a grassy field, possibly during a soccer match or practice. The player's uniform features the name ""Adecco"" on the front, which suggests that he might be sponsored by the company. Adecco is a multinational corporation that provides workforce solutions, including temporary staffing and permanent placement services. The player's presence on the field indicates his dedication to the sport and his commitment to his team."
37,Q5285376,Djoumin Sangaré," The man in the image is a professional soccer player, known as ""Number 2."" He is wearing a blue and red soccer uniform, which is a common color scheme for soccer teams. The player is standing on a grassy field, possibly during a break in the game or a practice session. His focus and determination are evident as he looks down, possibly contemplating his next move or strategizing for the game. The player's dedication and skill are essential for his team's success, and his presence on the field is a testament to his commitment to the sport."
38,Q490911,Hwayobi," The woman in the image is a singer, and she is performing on stage at the MVAs. She is wearing a black dress and has a microphone in her hand. The event appears to be a music festival, and the woman is the center of attention as she sings her song. Her performance is likely to be entertaining and engaging for the audience, as she showcases her talent and passion for music."
39,Q4194276,Maria Zuber," The woman in the image is a public speaker, likely addressing an audience at a conference or event. She is wearing a white jacket and a blue shirt, and she is holding her hands up in the air. The woman appears to be confident and engaged in her presentation. Her speech could be on a variety of topics, but her focus and passion for the subject matter are evident in her body language and facial expression."
40,Q2018364,Vin Denson," The image features a man wearing a jacket and a hat, likely a bicycle racer. He is smiling and looking at the camera, giving off a sense of confidence and determination. The man's attire suggests that he is prepared for a race or a long ride. It is possible that he is a professional cyclist or an enthusiast who takes his passion seriously. The image captures a moment of pride and accomplishment, as the man showcases his dedication to the sport."
41,Q1882126,Harry Droog," The man in the image is none other than the legendary golfer Jack Nicklaus. He is wearing a suit and tie, which suggests that he is attending a formal event or a professional golf tournament. Jack Nicklaus is widely regarded as one of the greatest golfers of all time, having won a record 18 major championships and holding the record for the most PGA Tour wins with 195. He is known for his aggressive playing style, powerful swing, and unwavering competitiveness. Nicklaus has been inducted into the World Golf Hall of Fame and has been named the ""Golden Bear"" by the PGA of America."
42,Q1130969,Fandango," The man in the image is a professional wrestler, known as ""The Rock."" He is a former WWE Champion and has been involved in the wrestling industry for many years. The Rock is known for his charismatic personality, impressive physique, and memorable catchphrases. He has played a significant role in shaping the modern era of professional wrestling and has inspired countless fans around the world.

Born on January 17, 1972, in Auckland, New Zealand, Dwayne ""The Rock"" Johnson began his career in the entertainment industry as a professional wrestler. He gained immense popularity and success in the WWE, where he held multiple championships and became a household name.

In addition to his wrestling career, The Rock has also ventured into acting, producing, and directing. He has starred in numerous movies and TV shows, such as ""The Scorpion King,"" ""Fast & Furious,"" ""Journey 2: The Mysterious Island,"" and ""Ballers."" Furthermore, he has produced and directed the hit film ""Trainwreck"" and the Netflix series ""Naked and Afraid.""

The Rock's influence and impact on the entertainment industry are undeniable, and his legacy continues to inspire and entertain fans worldwide."
43,Q3435565,Irina Yegorova," The image features a woman wearing a black and white ski suit, with a white stripe on her head. She is riding skis on a snow-covered slope, possibly participating in a skiing competition. The woman appears to be focused and determined, showcasing her athleticism and skill in the sport.

The woman's attire suggests that she is well-prepared for the cold and snowy conditions, and her skiing gear is likely designed to provide comfort and protection during the activity. The image captures the excitement and challenge of skiing, as well as the dedication and passion of the woman in the picture."
44,Q174486,Antonio Valencia," The image features a soccer player wearing a black and blue shirt, with the number 25 on the back. The player is actively engaged in the game, running towards the soccer ball. The player's focus and determination suggest that he is a professional athlete, possibly playing for a well-known team or participating in a high-stakes match. The player's athleticism and skill in the game are evident from his body language and the intensity of his movements."
45,Q7408226,Sam Beddingfield," The man in the image is a well-dressed older gentleman, wearing a white shirt and sunglasses. He is standing in front of a building, possibly a post office, as he is smiling and posing for the camera. The man appears to be confident and content, possibly enjoying a pleasant day or a special occasion. His attire and demeanor suggest that he might be a professional or someone who takes pride in his appearance."
46,Q776579,Zbigniew Robert Promiński," The image features a man with long hair, a beard, and a tattoo on his arm. He is wearing a black shirt and is sitting in front of a drum set. The man appears to be a drummer, possibly performing in a band or at a concert. His passion for music and dedication to his craft can be seen in the way he is focused on his performance."
47,Q8347261,Cleofé Calderón," The image features a man and a woman standing next to each other, with the man holding a large glass tube. The man appears to be a scientist, as he is holding a test tube filled with a liquid. The woman is also involved in the scientific process, as she is holding a test tube filled with a different liquid. The scene suggests that they are working together on a scientific experiment or project."
48,Q721114,Rune Brattsveen," The man in the image is a professional skier, known for his impressive skills and dedication to the sport. He is wearing a black and red jacket, a black and red hat, and a black and red glove. The skier is holding a pair of skis, which are essential for his performance on the slopes. He is likely participating in a skiing competition or simply enjoying a day on the mountain. The skier's passion for the sport and his commitment to excellence make him a standout figure in the world of skiing."
49,Q12588302,Kim Yoo-jin," The man in the image is a professional soccer player, known as ""Number 10."" He is wearing a black shirt and is walking on a sidewalk. The player is likely a part of a soccer team, and his presence in the city suggests that he might be visiting the area for a game, a training session, or a promotional event. As a professional athlete, he likely has a busy schedule and is constantly on the move, both on and off the field."
50,Q6816987,Menggenjimisu," The woman in the image is a professional athlete, specifically a runner. She is wearing a red and yellow shirt, which is likely her team's colors. Her number, 8393, suggests that she is participating in a race or competition. The woman appears to be in good physical condition, as she is running on a track. Her smile indicates that she is enjoying the experience and is likely a dedicated and passionate athlete."
51,Q352741,Sofoklis Schortsanitis," The man in the image is a professional basketball player, known as ""The Big Man."" He is wearing a blue and yellow jersey, which is a common color scheme for basketball teams. The player is holding a basketball in his hands, showcasing his skill and expertise in the sport. He is likely a key player on his team, contributing to their overall performance and success."
52,Q4330798,Yevgeny Ovsiyenko," The man in the image is a soccer player, wearing a red jersey with the name ""Chikhota"" on it. He is standing on a soccer field, possibly during a match or practice session. The player's focus and determination suggest that he is a dedicated and passionate athlete, striving to improve his skills and contribute to his team's success."
53,Q3167045,Jean-Louis Étienne," The man in the image is named George. He is an older gentleman with a bald head and a mustache. He is wearing a brown jacket and a white shirt. The image captures a close-up of George, showcasing his facial features and his attire."
54,Q303826,Crimson," The man in the image is a professional wrestler, known as ""The Rock."" He is a former professional wrestler and actor, who gained fame in the 1990s and 2000s. He is known for his muscular physique, charismatic personality, and catchphrase ""Dwayne 'The Rock' Johnson."" The Rock has been involved in the entertainment industry for many years, and he has made a significant impact on the world of wrestling and Hollywood."
55,Q5618503,Gunārs Saliņš," The man in the image is named Humphrey Bogart. He was an American actor, known for his roles in classic films such as ""Casablanca,"" ""The Maltese Falcon,"" and ""The African Queen."" Bogart was born in New York City in 1899 and began his acting career in the 1920s. He gained fame for his roles in gangster films and later transitioned to more dramatic and complex characters. Bogart was married to actress Lauren Bacall, with whom he co-starred in several films. He passed away in 1957, leaving behind a lasting legacy in the film industry."
56,Q187659,Kana," The image features a female professional wrestler, who is wearing a red and gold outfit. She is standing in a ring, possibly preparing for a match or training session. The wrestler appears to be focused and determined, showcasing her athletic prowess.

The wrestler's outfit is designed to provide both protection and style, with the red and gold colors representing her team or brand. The wrestler's dedication and commitment to the sport are evident in her attire and demeanor.

As a professional wrestler, she likely spends a significant amount of time training, honing her skills, and maintaining her physical fitness. Her role in the sport may involve participating in matches, promoting her team or brand, and engaging with fans and fellow wrestlers. Overall, the image captures the spirit and determination of a female wrestler in action."
57,Q127583,Sapphire," The woman in the image is a well-known singer and songwriter, known for her powerful and soulful voice. She has been in the music industry for many years and has released several albums, with her music often being described as ""emotional"" and ""inspirational."" The woman is also known for her strong and confident stage presence, often engaging with her audience during her performances. She continues to be a beloved figure in the music world, with her songs often being played on the radio and at various events."
58,Q5587812,Mohammad Reza Mahdavi," The man in the image is a soccer player, likely a professional or an enthusiast. He is wearing a white shirt and blue shorts, which are typical attire for soccer players. The soccer ball he is holding is white and yellow, which is a common color scheme for soccer balls. The man appears to be focused and ready to play, showcasing his passion for the sport."
59,Q3027430,M. Russell Ballard," The man in the image is a well-dressed, older gentleman wearing a suit and tie. He is standing at a podium, giving a speech or presentation. The man appears to be confident and knowledgeable in his subject matter. He could be a professional speaker, a businessman, or an expert in a particular field. The image captures the essence of the man's expertise and the importance of his message to the audience."
60,Q19663847,Nikola Vučurović," The man in the image is a professional basketball player, known as ""The Russian."" He is wearing a blue and white basketball uniform, which features the name ""MENCO"" on the front. The Russian is holding a basketball in his hands, showcasing his athletic prowess. He is likely a key player on his team, contributing to their success on the court."
61,Q5278525,Dino Maamria," The subject of this image is a soccer player, specifically a professional soccer player. He is wearing a white and red uniform, which is typical attire for soccer players. The player is standing on a grassy field, possibly during a break in the game or a practice session. The presence of other people in the image suggests that this might be a team event or a gathering of soccer enthusiasts. The player's focus and determination indicate his passion for the sport and his commitment to improving his skills."
62,Q16081974,Buddy Boudreaux," The man in the image is a professional musician, likely a saxophonist or a clarinetist. He is wearing a suit and tie, which suggests that he is dressed for a formal event or a performance. The man is holding a saxophone, which is a popular instrument in jazz music. He appears to be a skilled musician, possibly performing at a concert or a special event. The image captures the man's passion for music and his dedication to his craft."
63,Q6154316,Janice Nicolich," The woman in the image is named Dorothy. She is wearing a black dress and has a pearl necklace. She is sitting in a chair and appears to be looking at the camera. The photo is in black and white, giving it a vintage feel. It is not clear what the context of the photo is, but it seems to be a portrait of Dorothy."
64,Q527913,Beata Zawadzka," The woman in the image is a chess player, and she is wearing a black jacket. She is sitting at a table with multiple chess pieces, including a knight, a pawn, and a queen. The woman appears to be focused and ready to play the game. She might be participating in a chess tournament or simply enjoying a friendly match with friends. The presence of multiple chess pieces suggests that she is well-prepared for the game and has a good understanding of the rules and strategies involved in chess."
65,Q665695,Daniel Yanofsky," The man in the image is a chess player, possibly a professional or an enthusiast. He is wearing a suit and tie, which suggests that he might be dressed for a formal event or a professional engagement. The man is focused on the chessboard, which is placed on a dining table. The presence of a chair in the scene indicates that the chessboard is set up in a comfortable and suitable environment for playing chess. The man's attire and the setting of the scene suggest that he is taking the game seriously and is likely to be a skilled player."
66,Q1160311,Daniel Harold Casriel," The man in the image is a well-known television personality, known as ""The Glass Man."" He is wearing a suit and tie, and he is wearing glasses. The Glass Man is known for his distinctive appearance, which includes his glasses and his unique style. He has been a popular figure in the entertainment industry for many years and has made a significant impact on the world of television."
67,Q6782353,Masahiko Yuki," The subject of this image is a young woman, likely a teenager, who is playing a guitar on stage. She is wearing a white shirt and black pants, and she appears to be the center of attention as she performs. The image captures her passion for music and her talent as a guitarist. It is likely that she is a part of a band or a solo artist, and her performance could be a part of a concert or a live event."
68,Q12010,Eldar Gasimov," The man in the image is a young, handsome, and well-dressed individual. He is wearing a white jacket and a white shirt, and he is smiling for the camera. The man is sitting at a table with a glass of water in front of him. He appears to be in a comfortable and relaxed setting. The man's attire and demeanor suggest that he might be a professional or someone in a position of authority."
69,Q3425677,Micael Dahlén," The subject of this image is a man wearing a suit and tie, standing in a room. He is wearing a black jacket and has a black tie. The man appears to be well-dressed and confident, possibly attending a formal event or a business meeting. His attire suggests that he values professionalism and a polished appearance. The man's biography could include a successful career in business or finance, or perhaps he is an accomplished public speaker or a professional in the entertainment industry."
70,Q599621,Jan Hein Donner," The man in the image is a chess player, likely a professional or an enthusiast. He is wearing a suit and tie, which suggests that he might be attending a formal event or a business meeting. The man is sitting at a table, holding a cigarette in his hand, which indicates that he might be a smoker. The presence of a chessboard and multiple chess pieces on the table further supports the idea that he is engaged in a chess game. The man's attire and the fact that he is playing chess in a formal setting suggest that he might be a well-respected and accomplished chess player."
71,Q721149,José Nunes," The man in the image is a soccer player, specifically a member of the Spanish team. He is wearing a red and black jersey, which is the team's colors. The player is actively participating in a soccer match, possibly as a defender, as he is seen running on the field. His presence on the field indicates his dedication and commitment to the sport, as well as his role in the team's performance."
72,Q7288391,Lalthuammawia Ralte," The man in the image is a soccer player, likely a goalkeeper, wearing an orange shirt and black pants. He is kneeling down and holding a soccer ball in his hands. The scene takes place on a soccer field, with a sports ball in the foreground. The player's focus and determination suggest that he is either preparing for a play or practicing his skills. His dedication to the sport and his role as a goalkeeper highlights his passion for soccer and his commitment to improving his abilities."
73,Q12484239,Gladys Anderson Emerson," The image features a woman wearing a black suit and a white shirt. She has a distinctive look, with her eyes being the most prominent feature. The woman appears to be a professional or businesswoman, possibly in a corporate or financial setting. Her attire suggests that she is dressed for a formal event or a professional environment. The image captures a moment of the woman's life, showcasing her confidence and poise."
74,Q16877228,Missy," The woman in the image is named ""Blondie."" She is wearing a black jacket and has a distinctive hairstyle, with blond hair and a ponytail. She is also wearing earrings, which adds to her unique appearance. Blondie seems to be confidently posing for the camera, possibly for a portrait or a promotional photo. Her outfit and hairstyle suggest that she might be attending a formal event or a special occasion."
75,Q5520941,Gang bang pornography," The woman in the image is named ""Sophia."" She is a beautiful young lady with long, blonde hair. She is wearing a blue shirt and has a pair of earrings. The image captures her looking at the camera, possibly for a portrait or a special occasion. It is not possible to determine her occupation or any other personal details from the image alone."
76,Q243519,Velvet," The woman in the image is a singer, and she is wearing a purple dress. She is standing on a stage, holding a microphone, and appears to be singing into it. The woman's presence on stage suggests that she is likely a performer or an artist, showcasing her talent and entertaining the audience. The image captures a moment of her performance, highlighting her passion for music and her dedication to her craft."
77,Q149086,Homicide," The man in the image is a professional wrestler, known as ""Riot Riot."" He is wearing a black tank top with the words ""Riot Riot"" on it. Riot Riot is a tattooed man with a shaved head, and he appears to be sweaty, likely due to his physical activity in the ring. He is standing in front of a crowd, possibly waiting for his turn to compete in a wrestling match. Riot Riot's presence in the ring suggests that he is an experienced and skilled wrestler, who is likely to be a fan favorite due to his aggressive and intense fighting style."
78,Q157931,Pavel Belyayev," The man in the image is a military officer, possibly a high-ranking official or a leader in the armed forces. He is wearing a military uniform, which includes a tie, and is adorned with various medals and decorations. The presence of these awards suggests that he has a distinguished career and has likely served in various capacities within the military. The man's attire and the context of the image indicate that he is a respected and accomplished individual in his field."
79,Q319604,Passenger," The man in the image is a musician, specifically a guitarist. He is standing on stage, holding a guitar and singing into a microphone. The man appears to be the main focus of the scene, and his presence on stage suggests that he is performing in front of an audience. The image captures a moment of his performance, showcasing his talent and passion for music."
80,Q16216172,Freddy Wike," The man in the image is a drummer, and he is wearing a vest while playing the drums. He is smiling and appears to be enjoying his performance. The image captures him in the middle of a drum solo, showcasing his talent and passion for music. The drummer's attire and the fact that he is playing a drum solo suggest that he is an experienced and skilled musician, likely performing in a band or at a music event."
81,Q6811347,Melanie Sanford," The woman in the image is named Sarah. She is a young professional, possibly working in a corporate or office environment. In the photo, she is wearing a blue shirt and appears to be confidently posing for the picture. The image suggests that she is a hardworking and ambitious individual, who is likely to be successful in her chosen career."
82,Q741278,Ioannis Bourousis," The man in the image is a professional basketball player, known as Giannis Antetokounmpo. He is a Greek-American athlete who plays for the Milwaukee Bucks in the National Basketball Association (NBA). Antetokounmpo is a versatile player, capable of playing both the power forward and center positions. He is known for his impressive athleticism, defensive skills, and scoring abilities.

Born in Athens, Greece, Antetokounmpo moved to the United States at the age of 16 to pursue his basketball career. He attended the University of Dayton, where he played for the Flyers. After being drafted by the Bucks in 2001, Antetokounmpo quickly established himself as a key player for the team. Over the years, he has consistently demonstrated his talent and dedication to the sport, earning numerous accolades and awards, including the NBA Most Valuable Player award in 2019."
83,Q5482358,Francis S. Currey," The man in the image is a soldier, possibly a veteran, wearing a military uniform. He is wearing a medal, which suggests that he has accomplished something significant or has been recognized for his service. The soldier appears to be proud of his accomplishments and is likely to be a respected member of the military community."
84,Q520549,Geologist," The man in the image is a musician, likely a guitarist or a music producer. He is wearing a grey shirt and has a beard. He is holding a guitar in his hands, and there is a flashlight on his face, which suggests that he might be working on a project or practicing in a dark environment. The man appears to be focused and determined, possibly working on a new song or an album."
85,Q2164619,Fons van Katwijk," The man in the image is named ""Bill."" He is wearing a suit and tie, which suggests that he might be attending a formal event or working in a professional setting. The black and white photo adds a vintage touch to the image, possibly indicating that the photo was taken in the past. The man's attire and the context of the photo could imply that he is a businessman or a professional in a specific field. However, without more information, it is difficult to provide a more detailed biography about Bill."
86,Q194270,Hallucinogen," The man in the image is a musician and a sound technician. He is working on a soundboard, possibly at a concert or event. His name is not provided, but he is likely an experienced professional in the music industry. He might be responsible for setting up and adjusting the sound system for the event, ensuring that the sound quality is optimal for the audience. His role requires a strong understanding of audio equipment and the ability to troubleshoot any technical issues that may arise during the event."
87,Q275028,Julia Zlobina," The image features a man and a woman, both wearing black outfits, standing on a skating rink. The man is wearing a tie, which suggests that he might be dressed up for a special occasion or event. The woman appears to be a skater, possibly participating in a competition or simply enjoying the sport. The man and woman seem to be enjoying their time together on the ice rink."
88,Q1710112,Svetlana Nemolyaeva," The woman in the image is named Margarita. She is a well-dressed, older woman wearing a white jacket and holding a bouquet of flowers. She appears to be a public figure, possibly a politician or a public speaker, as she is holding a microphone. The bouquet of flowers suggests that she might be attending a special event or ceremony. Margarita's smile and confident demeanor indicate that she is comfortable in her role and enjoys engaging with her audience."
89,Q350832,Joan Llaneras," The man in the image is a professional cyclist named Tom Boonen. He is a Belgian road racing cyclist, known for his aggressive riding style and impressive sprinting abilities. Boonen has won numerous races, including the Tour of Flanders, Paris-Roubaix, and the World Championships. He has also been a key player in the team's success, contributing to victories in major races. Boonen is considered one of the most talented and successful cyclists of his generation."
90,Q5543229,Daniel Paris," The man in the image is named David. He is a young man with curly hair, and he is smiling for the camera. David appears to be attending a social event, as there are several other people in the background. The event seems to be a gathering of people, possibly a party or a celebration. David's attire and the presence of other people in the background suggest that the event is likely a formal or semi-formal occasion."
91,Q1326126,James P. Gordon," The man in the image is a well-known public speaker and author, known as ""The Elder."" He is a prominent figure in the field of personal development and has been a keynote speaker at numerous conferences and events. His expertise lies in helping people improve their lives through effective communication, self-awareness, and personal growth.

The Elder has authored several books on personal development and communication, which have been widely read and appreciated by audiences worldwide. He is also a sought-after consultant and coach, working with individuals and organizations to enhance their communication skills and personal growth.

In addition to his professional accomplishments, The Elder is known for his warm and approachable demeanor, making him a popular and inspiring speaker. His passion for helping others has led him to dedicate his life to the pursuit of personal development and effective communication."
92,Q6165892,Jawad Salehi," The man in the image is named ""Roger."" He is wearing a white shirt and glasses, and he is smiling for the camera. The man appears to be in a professional setting, possibly an office or a workspace. The presence of a laptop and a TV in the background suggests that he might be working in a technology or media-related field. The image captures a positive and approachable atmosphere, with the man looking confident and ready to engage with others."
93,Q460213,Rachel Van Hollebeke, The woman in the image is a beautiful blonde with a smile on her face. She is wearing a black jacket and a white shirt. Her smile and her outfit suggest that she is confident and comfortable in her appearance. The image captures a moment of happiness and self-assurance for the woman.
94,Q11475172,Hiizu Iwamura," The man in the image is named Mr. Tanaka. He is an Asian man wearing a suit and tie, and he is wearing glasses. The man appears to be a businessman or a professional, as he is dressed in a formal attire. The image captures a moment of professionalism and confidence, as Mr. Tanaka poses for the camera."
95,Q1065665,Charles O. Holliday," The man in the image is named Bill Clinton. He is a former President of the United States, serving two terms from 1993 to 2001. Clinton was born on August 19, 1946, in the city of Hope, Arkansas. He attended Georgetown University and later attended the University of Arkansas School of Law. Clinton began his political career in the 1980s, serving as the 40th Governor of Arkansas from 1983 to 1992. He then became the 42nd President of the United States, leading the country through a period of economic growth and international relations. After leaving office, Clinton continued to be involved in politics and public service, focusing on issues such as healthcare, climate change, and globalization."
96,Q68530,Flume," The man in the image is named Zac Efron. He is an American actor, singer, and director, known for his roles in various movies and TV shows. Efron first gained recognition for his performance in the Disney Channel original movie ""High School Musical."" He has since appeared in numerous films and TV series, such as ""17 Again,"" ""The Punisher,"" ""Baywatch,"" and ""Neighbors.""

In addition to his acting career, Efron has also pursued a singing and songwriting career. He has released several albums and singles, showcasing his vocal talents. Efron has been active in the entertainment industry since the early 2000s and continues to make strides in his career."
97,Q1425666,Tommy Rowlands," The man in the image is a professional wrestler, known as ""Hacksaw"" Jim Duggan. He is a former professional wrestler, best known for his time in the World Wrestling Federation (WWF) during the 1980s. Duggan was a fan favorite and a member of the famous ""Hacksaw"" tag team with partner ""Crippler"" Ole Anderson. He was also a part of the ""Midnight Ride"" stable with fellow wrestlers ""Iron"" Mike Sharpe and ""Adorable"" Adrian Adonis.

Duggan's wrestling career began in the 1970s, and he quickly gained a reputation for his hard-hitting style and aggressive attitude. He was known for his trademark ""2x4"" weapon, which he would use to strike his opponents. Duggan's popularity led to him becoming a household name, and he was often featured in various forms of media, including magazines, newspapers, and television shows.

In addition to his wrestling career, Duggan has also been involved in various other projects, such as acting in movies and television shows, and even hosting his own radio show. Despite his retirement from professional wrestling, Duggan remains an influential figure in the world of sports entertainment."
98,Q15633866,Mathew Ahmann," The image features a man wearing a suit and tie, standing next to another man. The man in the suit is wearing glasses and appears to be engaged in a conversation. The other man is wearing a suit and tie as well, and they seem to be discussing something. The man in the suit is also wearing a button that says ""I'm a Democrat."" This suggests that the man in the suit might be a politician or someone involved in politics. The image captures a moment of interaction between the two men, possibly discussing political matters or sharing ideas."
99,Q5210397,Dale D. Myers," The man in the image is named ""Spike."" He is wearing a suit and tie, and he has a distinctive appearance due to his eye patch. Spike is likely a businessman or a professional in a field that requires formal attire. His eye patch might be a result of an injury or a medical condition, but it does not seem to hinder his professional success. The image captures Spike in a professional setting, possibly at a desk or in a meeting room."
100,Q6875076,Misaki Ohata," The woman in the image is a professional wrestler, known as ""Champion"" in the wrestling world. She is wearing a blue and black wrestling outfit, which is designed to provide comfort and flexibility during her matches. Her attire is adorned with a lion logo, which is a symbol of her wrestling persona. The woman appears to be confident and focused, ready to take on her opponents in the ring."
101,Q778370,Yevhen Shakhov," The man in the image is a soccer player, wearing a white jersey with a blue logo on the front. He is walking on a grassy field, likely preparing for a match or practice session. The player's focus and determination suggest that he is a dedicated and passionate athlete, who takes his sport seriously. His presence on the field indicates that he is actively involved in the sport, and his commitment to training and improvement is evident in his attire and demeanor."
102,Q289786,Fuka Kakimoto," The woman in the image is a model and actress, known for her roles in various movies and TV shows. She has a tattoo on her arm and is wearing a black dress, which adds to her unique and stylish appearance. The woman is also seen smiling, showcasing her confident and approachable demeanor. Her presence in the entertainment industry has made her a recognizable figure, and her talent and beauty have likely contributed to her success in the field."
103,Q269872,Virginia McKenna," The woman in the image is Dame Helen Mirren, a renowned British actress. She has a long and illustrious career, having won numerous awards, including an Academy Award, a BAFTA, and a Golden Globe. Mirren is known for her versatile acting skills and has played a wide range of roles throughout her career. She has also been recognized for her contributions to the film industry, being awarded the prestigious AFI Lifetime Achievement Award in 2013. In the image, Mirren is holding a badger mask, which could be a prop or a souvenir from a recent event."
104,Q13021345,Sornsawan Phuvichit," The woman in the image is a well-known public speaker and author. Her name is Tara Mohr, and she is known for her work on women's empowerment and gender equality. Tara has a Ph.D. in psychology and has written several books, including ""Playing to Win: Breaking the Rules of the Game, Male and Female."" She is also the founder of the ""Women's Leadership Lab,"" a program that helps women develop their leadership skills. Tara is passionate about helping women achieve their full potential and is a sought-after speaker at conferences and events around the world."
105,Q10566658,Sonoko Kato," The image features a man wearing a blue and purple wrestling outfit, likely a professional wrestler. He is looking at the camera, possibly posing for a photo. The man appears to be in good physical condition, with a muscular build. His attire suggests that he is involved in a sport that requires agility, strength, and flexibility. The man's presence in the ring indicates that he is likely participating in a wrestling event or practice."
106,Q48835224,Fluxion," The man in the image is a musician, likely a DJ or a music producer. He is wearing headphones and is focused on his work. The man is standing in front of a red background, which could be a part of his performance or a backdrop for his music. The image captures the intensity and dedication of the musician as he works on his craft."
107,Q2463430,Vladimir Yerokhin," The man in the image is a professional athlete, specifically a soccer player. He is wearing a red and white uniform, which is a common color scheme for soccer teams. The player appears to be focused and determined, possibly preparing for a crucial play or a challenging opponent. His athletic prowess and dedication to the sport are evident in his attire and demeanor."
108,Q28197077,Hella," The image features a woman with long hair, wearing a costume and makeup. She appears to be a character or a performer, possibly from a theatrical performance or a cosplay event. The woman's outfit and makeup suggest that she is portraying a specific character or theme, possibly related to fantasy, sci-fi, or horror genres. The woman's presence on stage or at the event indicates her involvement in theatrical performances or cosplay gatherings, where participants dress up as their favorite characters and engage with fellow enthusiasts."
109,Q2727289,Rikishi," The man in the image is a professional wrestler, known as ""Ravishing Ricky"" in the wrestling world. He is wearing sunglasses and a black shirt, and he is smiling for the camera. The man is sitting at a table, possibly signing autographs for fans. He is a well-known figure in the wrestling community, and his presence at events and promotions is often met with excitement and enthusiasm from fans."
110,Q323227,Ricochet," The man in the image is a professional wrestler, known for his tattoos and unique style. He is wearing a red and black wrestling outfit, which is likely designed to showcase his personality and skills. The wrestler's tattoos, which include a skull and crossbones, add to his distinctive appearance.

The wrestler's career likely began with training and honing his skills in the ring. He may have started in local or regional wrestling events, working his way up to more prestigious competitions. As he gained experience and recognition, he may have been offered opportunities to compete in larger events or even become a household name in the world of professional wrestling.

Throughout his career, the wrestler would have faced numerous opponents, each with their own unique styles and abilities. He would have had to adapt his techniques and strategies to overcome these challenges and emerge victorious.

In addition to his wrestling career, the wrestler may also be involved in various charitable causes or community outreach programs. As a public figure, he may use his platform to make a positive impact on society and inspire others to pursue their dreams and passions."
111,Q1250100,Bora Todorović," The image features a group of men sitting together, with one of them holding a newspaper. The men appear to be engaged in a conversation or discussion. The man holding the newspaper is wearing sunglasses, which suggests that the image might have been taken during a sunny day. The other men in the group seem to be enjoying their time together, possibly discussing current events or sharing their thoughts on the newspaper's content."
112,Q3483775,Christy O'Connor Jnr," The man in the image is a well-known golfer named Jack Nicklaus. He is wearing a purple shirt and a white hat, and he is smiling for the camera. Nicklaus is considered one of the greatest golfers of all time, having won a record 18 major championships throughout his career. He is known for his aggressive playing style and his ability to perform well under pressure. Nicklaus is also known for his sportsmanship and respect for the game, which has earned him the nickname ""The Golden Bear."""
113,Q7133054,Papoose," The man in the image is a rapper known as ""Snoop Dogg."" He was born Calvin Broadus Jr. on October 20, 1971, in Long Beach, California. Snoop Dogg gained widespread recognition in the early 1990s as a member of Dr. Dre's seminal hip-hop group, ""WC and the Maad Circle."" His debut solo album, ""Doggystyle,"" was released in 1993 and became a critical and commercial success.

Snoop Dogg has since released numerous successful albums, including ""Tha Doggfather,"" ""No Limit,"" ""Murder Was the Case,"" and ""Paid tha Cost to Be da Bo$$."" He has also made numerous guest appearances on other artists' songs and has been involved in various business ventures, such as the ""Snoop Dogg Presents: The Fortune Teller"" video game and the ""Snoop Dogg's Cookin' with the Dogg"" cookbook.

In addition to his music career, Snoop Dogg has also been involved in various controversies and legal issues, including a 1995 arrest for cocaine possession and a 2006 arrest for driving under the influence. Despite these challenges, Snoop Dogg remains a highly influential figure in the world of hip-hop and continues to be a beloved artist and cultural icon."
114,Q15433045,Melvyn B. Nathanson," The man in the image is named ""Dr. John."" He is an older gentleman with a bald head and glasses. He is wearing a striped shirt and appears to be in a professional setting. Dr. John is likely a medical professional, given his attire and the context of the image. His smile and confident demeanor suggest that he is experienced and knowledgeable in his field."
115,Q6530620,Leslie B. Vosshall," The woman in the image is named ""Susan."" She is wearing a red scarf and has long, brown hair. She is smiling and appears to be in a good mood. The image is taken in a room with a wooden door, which suggests that the setting might be a home or an indoor event space."
116,Q467247,Asami Sugiura," The woman in the image is a professional boxer, known as ""The Iron Lady."" She is a skilled fighter with a strong presence in the boxing world. Her determination and dedication to the sport have earned her the nickname ""Iron Lady."" She is a role model for aspiring female boxers and continues to inspire others with her passion and commitment to the sport."
117,Q763876,Yojiro Takahagi," The subject of this image is a soccer player named ""Dejiko."" He is wearing a purple soccer uniform and appears to be running on a field. It is likely that he is participating in a soccer match or practice session. As a soccer player, Dejiko likely has a strong passion for the sport and has dedicated a significant amount of time and effort to improve his skills and performance. He may have played for a local team or even at a higher level, such as a professional league. Regardless of his experience, Dejiko's dedication to the sport and his commitment to improving his abilities make him an inspiring figure for aspiring soccer players."
118,Q5281267,Disappearance of Kyron Horman, The young boy in the image is named Caleb. He is wearing a black shirt and is standing in front of a display featuring a tree frog. The display appears to be a part of a science project or a school exhibit. Caleb seems to be proud of his work and is smiling for the camera. It is likely that he has a keen interest in the subject matter and has put in a lot of effort to create this display.
119,Q4112410,Eugen V. Witkowsky," The image features a man with a beard, wearing a brown shirt and a chain around his neck. He appears to be a well-dressed individual, possibly a businessman or a man of prominence. The man's attire and the presence of a chain suggest that he might be from a different era or have a unique sense of style. However, without more context or information, it is difficult to determine the specifics of his life or profession."
120,Q1067277,Yokozuna," The image features a large man wearing a tank top with the words ""Life is short"" written on it. He appears to be a fitness enthusiast, as he is seen in a gym setting. The man's presence in the gym suggests that he is committed to maintaining his health and fitness. His size and the tank top indicate that he might be a professional athlete or someone who takes their fitness seriously."
121,Q1988740,Danica Dillon," The woman in the image is a beautiful and confident individual. Her name is not provided, but she is wearing a white shirt and a leopard print shirt, which adds to her unique and stylish appearance. She is also wearing a necklace, which further enhances her overall look. The woman is smiling, which indicates that she is happy and comfortable in her own skin. Her presence in the image suggests that she is confident and comfortable in her own style, and she is likely someone who enjoys expressing herself through her clothing choices and personal appearance."
122,Q12789431,Frederick Beaumont-Nesbitt," The image features a man wearing a military uniform, possibly a Russian soldier. He is staring directly at the camera, giving the impression of a strong and focused individual. The man's attire suggests that he is part of a military organization, and his presence in the image might indicate a sense of pride or duty in his role. However, without more context, it is difficult to provide a more detailed biography about the subject."
123,Q1060778,Dylan Riley Snyder," The man in the image is named Millie. He is wearing a blue shirt with white polka dots and has a hairstyle that resembles a mullet. He is smiling and posing for a picture, possibly at a Disney event. The image captures a moment of happiness and self-expression for Millie."
124,Q14439,Phoebe Cates," The woman in the image is a well-known actress, known for her roles in various Hollywood films. She is wearing a red dress and has a smile on her face, likely due to her success in the entertainment industry. The actress has been in the spotlight for many years, and her talent and dedication have earned her a place among the most celebrated stars in Hollywood."
125,Q12602017,Song Sokze," The man in the image is a well-known public speaker and author. He is wearing glasses and a black shirt, and he is holding a microphone while giving a speech. The man is likely a professional speaker or an expert in his field, as he is addressing an audience with a significant amount of knowledge and experience. His presence at the event suggests that he is an influential figure in the industry or community he is addressing."
126,Q1043100,Carlos Mérida," The man in the image is a well-dressed businessman, wearing a suit and tie. He appears to be in a professional setting, possibly a business meeting or a formal event. The man's attire suggests that he is confident and poised, ready to engage in discussions or negotiations. The presence of a potted plant in the background adds a touch of nature and sophistication to the scene. Overall, the man exudes a sense of authority and professionalism."
127,Q15813934,Elena Muratova," The woman in the image is a professional skier, known as Lindsey Vonn. She is a highly decorated athlete, having won numerous awards and titles throughout her career. Vonn is a four-time World Cup overall champion, a three-time World Champion, and a two-time Olympic medalist.

Born on October 18, 1979, in Maple Grove, Minnesota, Vonn started skiing at the age of two and quickly developed a passion for the sport. She began competing in alpine skiing events at a young age and quickly rose through the ranks, eventually making her way to the professional skiing circuit.

Vonn's impressive skills and dedication to the sport have earned her numerous accolades and recognition, including being named the 2010 FIS Alpine Skier of the Year and the 2012 Female Athlete of the Year by the United States Olympic Committee. She continues to be a dominant force in the world of skiing, inspiring future generations of athletes."
128,Q116679,Daniel Vasella," The man in the image is named George Clooney. He is an American actor, director, and producer, known for his roles in films such as ""Ocean's Eleven,"" ""The Descendants,"" and ""Michael Clayton."" Clooney has also directed and produced several films, including ""Good Night and Good Luck"" and ""The American.""

Born on May 6, 1951, in Lexington, Kentucky, Clooney began his acting career in the late 1970s. He gained recognition for his role in the television series ""ER"" and later became a Hollywood A-lister with his roles in various blockbuster films. Clooney has been married to actress Amal Alamuddin since 2014 and has a son named Alexander.

In addition to his acting and directing career, Clooney is also known for his humanitarian work, particularly in the areas of human rights and social justice. He has been involved in various charitable organizations and has been recognized for his contributions to society."
129,Q109417,Angelos Charisteas," The man in the image is Cristiano Ronaldo, a professional soccer player known for his exceptional skills and athleticism. He was born on February 5, 1979, in Funchal, Madeira, Portugal. Ronaldo started his career with Sporting CP, where he quickly gained recognition for his talent. In 2003, he moved to Manchester United, where he became one of the most successful players in the club's history. He also played for Real Madrid and Juventus before returning to Manchester United in 2021.

Throughout his career, Ronaldo has been considered one of the best soccer players in the world. He has won numerous awards, including five Ballon d'Or titles, and has set numerous records, such as the most goals scored in the UEFA Champions League and the most goals scored in a single season in the English Premier League. Ronaldo's impressive skills, speed, and agility have made him a fan favorite and a global sports icon."
130,Q13530765,Annegret Brießmann," The woman in the image is a professional athlete, specifically a wheelchair basketball player. She is wearing a white shirt and number 13 on her jersey, which indicates her team affiliation and individual player number. The woman is sitting in a wheelchair, possibly during a break or waiting for her turn to play. She appears focused and determined, showcasing her dedication to the sport. The woman's presence in the image highlights the inclusivity and accessibility of sports for people with disabilities."
131,Q12875377,Georgios Stefanopoulos," The man in the image is named ""Ron."" He is a well-dressed individual, wearing a blue jacket and a red hoodie. He has a beard and is smiling for the camera. The man appears to be confident and comfortable in his attire, which suggests that he might be attending a formal event or simply enjoying a stylish outfit."
132,Q11285577,Arthur MacArthur IV," The image features a man and a woman, both wearing coats, standing on a staircase. They appear to be dressed in formal attire, with the man wearing a tie. The woman is holding a handbag, and the man is holding a hat. The scene suggests that they might be attending a formal event or a special occasion.

The man is wearing a tie, which indicates that he is dressed in a more formal manner than the woman. The woman, on the other hand, is wearing a handbag, which is a common accessory for women in such settings. The presence of the staircase and the formal attire of the subjects suggest that the image might have been taken at a location like a hotel, a theater, or a formal event venue."
133,Q11751880,Kübra Öztürk," The woman in the image is a chess player, likely participating in a tournament or a casual game. She is sitting at a dining table with a chessboard in front of her, and there are multiple chess pieces on the board. The woman appears focused and determined, possibly strategizing her next move or waiting for her opponent's move. She is wearing a pink shirt, which adds a touch of color to the scene. The presence of other people in the background suggests that this could be a social event or a gathering of chess enthusiasts."
134,Q1241113,Kiyokata Kaburagi," The image features a man wearing a black robe, sitting down and looking at the camera. He appears to be an older gentleman, possibly a monk or a religious figure. The man's attire suggests that he might be involved in a spiritual or religious practice. The black and white nature of the photo adds a sense of timelessness to the scene. The man's expression and posture convey a sense of calmness and contemplation, which is often associated with spiritual practices."
135,Q112651,Polad Bülbüloğlu," The man in the image is named Vladimir Putin. He is the President of the Russian Federation and is known for his strong leadership and assertive stance on various political and economic issues. Putin was born in 1952 in Leningrad, Russia, and began his career in the KGB, the Soviet Union's security agency. After the collapse of the Soviet Union, Putin became involved in Russian politics, eventually becoming the country's Prime Minister in 1999 and President in 2000. He has been in power since 2000, and his tenure has been marked by a focus on economic development, national security, and the consolidation of power. Putin is also known for his close relationship with former President George W. Bush, as well as his involvement in international relations and the promotion of Russian interests on the global stage."
136,Q16003685,Georgie Price," The man in the image is none other than Frank Sinatra, a legendary American singer, actor, and director. He was born on December 12, 1915, in Hoboken, New Jersey, and began his career in the 1930s as a singer in the swing era. Sinatra's smooth and distinctive voice, as well as his acting abilities, made him a popular figure in Hollywood.

Throughout his career, Sinatra recorded numerous hit songs, including ""I've Got a Crush on You,"" ""My Baby Just Cares for Me,"" ""The Best Is Yet to Come,"" and ""New York, New York."" He also starred in several films, such as ""From Here to Eternity,"" ""The Man with My Face,"" and ""The Godfather.""

Sinatra was known for his strong personality, often referred to as ""The Chairman of the Board."" He was also a lifelong Democrat and a supporter of the civil rights movement. He passed away on May 14, 1998, at the age of 82."
137,Q1332824,Yuki Ota," The man in the image is a professional athlete, specifically a boxer. He is wearing a blue and white uniform, which is typical attire for boxers. The man appears to be focused and determined, possibly preparing for a match or training session. His athletic prowess and dedication to the sport are evident in his appearance and demeanor."
138,Q1319455,Mihiro," The woman in the image is a singer, and she is wearing a flowered dress. She is standing on a stage, holding a microphone, and appears to be singing into it. The stage has a backdrop of a wall, which adds to the ambiance of the performance. The woman's attire and the fact that she is singing into a microphone suggest that she is likely a professional performer, possibly in a concert or a live event."
139,Q15966610,Jan Willem van Erven Dorens," The man in the image is a professional golfer named Jackie Burke. He is wearing a jacket and a tie, which suggests that he is dressed for a formal event or a professional golf tournament. Burke is known for his exceptional golf skills and has won numerous tournaments throughout his career. He is considered one of the most successful golfers of his time and has inspired many aspiring golfers."
140,Q1392683,Ryo Miyake," The man in the image is a professional fencer, known as ""The Iceman."" He is wearing a white uniform and a red and white helmet, which is typical attire for fencing competitions. The Iceman is a highly skilled and experienced fencer, having won numerous awards and titles throughout his career. He is known for his exceptional technique, precision, and mental focus, which have helped him become one of the most successful fencers in the sport."
141,Q15617884,Rydel Lynch," The woman in the image is a singer, and she is wearing a pink shirt with the word ""dream"" on it. She is smiling and holding a microphone, which suggests that she is performing or about to perform. The woman appears to be confident and enjoying her time on stage. Her outfit and accessories, such as the necklace, contribute to her overall appearance and style. The image captures a moment of her performance, showcasing her talent and passion for music."
142,Q15136499,Babacar M'Bengue," The man in the image is named ""Dwayne."" He is a young man with a beard and a mustache, wearing a blue and white striped shirt. He appears to be confident and relaxed, possibly posing for a photo. It is not possible to determine his occupation or any other significant details about his life from the image alone."
143,Q1387828,Russell Johnson," The man in the image is named Marlon Brando. He is an American actor, director, and activist. Brando is known for his iconic roles in films such as ""A Streetcar Named Desire,"" ""On the Waterfront,"" and ""The Godfather."" He has won two Academy Awards, one for Best Actor in a Leading Role for ""On the Waterfront"" and the other for Best Actor in a Supporting Role for ""A Streetcar Named Desire."" Brando is also known for his controversial and sometimes erratic behavior, which has led to a number of legal issues and public disputes throughout his career. Despite this, he remains a highly influential figure in the world of film and entertainment."
144,Q15104194,Elena Brejniva," The subject of the image is a young man with blonde hair, wearing a white shirt. He is smiling and appears to be a professional athlete, possibly a cyclist. The image is taken in a studio setting, with a chair visible in the background. The young man's confident demeanor and athletic attire suggest that he is well-prepared for his next competition or event."
145,Q16003065,Alexey Amosov," The man in the image is a professional ice hockey player, known as Alexander Ovechkin. He was born on September 16, 1978, in Moscow, Russia, and began his career with the Russian team CSKA Moscow. Ovechkin is widely regarded as one of the greatest players in the history of the sport, known for his speed, strength, and scoring prowess. He has played for the Washington Capitals in the National Hockey League (NHL) since 2005, and has been named the NHL's Most Valuable Player (MVP) three times. Ovechkin has also been a member of the Russian national team, helping them win the gold medal at the 2014 Winter Olympics in Sochi."
146,Q9319042,Reza Davood Nejad," The man in the image is a well-known public speaker and commentator, known as ""The Voice of the People."" He is a prominent figure in the political and social discourse in his country. His speeches and commentaries often address critical issues and have a significant impact on public opinion.

Born in a small town, he had a humble upbringing but was determined to make a difference in society. He started his career as a journalist, covering various topics and eventually focusing on politics and social issues. His passion for social justice and advocating for the rights of the marginalized led him to become a prominent public speaker.

He has been involved in numerous social and political campaigns, and his speeches have been widely covered by the media. He is also known for his strong stance on various issues, often challenging the status quo and advocating for change.

Despite facing criticism and backlash from certain quarters, he remains steadfast in his commitment to social justice and equality. He continues to be a powerful voice in the public discourse, inspiring others to take action and make a difference in their communities."
147,Q92942,Danny Hillis," The man in the image is a well-known actor, known for his distinctive appearance and roles in various movies and TV shows. He is balding and has a goatee, which has become his trademark look. The man's acting career began in the 1980s and has continued to this day. He has played a wide range of characters, from action heroes to comedic roles, and has worked with many renowned directors and producers. Despite his age, the man remains active in the entertainment industry and continues to captivate audiences with his unique and memorable performances."
148,Q967138,Sergio Araujo," The man in the image is Lionel Messi, a renowned professional soccer player. He was born on June 24, 1987, in Rosario, Argentina. Messi started his career with Grandoli, a local club, before moving to Barcelona in 2004. Over the years, he has become one of the most successful and influential soccer players in the world.

During his time at Barcelona, Messi has won numerous awards, including four Ballon d'Or titles, and has helped the team win numerous trophies, such as the UEFA Champions League, La Liga, and the FIFA Club World Cup. He is known for his exceptional dribbling skills, speed, and ability to score goals from various positions on the field.

In addition to his success with Barcelona, Messi has also played for the Argentine national team, helping them win the 2014 FIFA World Cup. He is widely regarded as one of the greatest soccer players of all time, and his impact on the sport has been immense."
149,Q649627,Julio Caro Baroja," The man in the image is a well-known author, known for his contributions to the literary world. He is sitting in a chair surrounded by numerous books, which are likely his own works or those of other authors he admires. The man appears to be in a reflective mood, possibly contemplating the stories he has created or the stories he has yet to write. His presence in the library suggests that he is an avid reader and a lover of literature, and his presence among the books signifies his connection to the literary world."
150,Q953688,Ekaterina Makarova," The woman in the image is a professional tennis player. She is wearing a grey tennis outfit and a white headband. She is holding a tennis racket and appears to be in the middle of a match. The woman is focused and determined, showcasing her dedication to the sport. Her skill and experience in tennis have likely led her to compete at a high level, and she may have achieved notable accomplishments in her career."
151,Q926266,Aldo de Nigris," The man in the image is a soccer player, wearing an orange shirt and shorts. He is likely a professional athlete, as he is seen on a soccer field, possibly during a match or practice session. The player is actively engaged in the game, as he is seen pointing towards the ground, possibly indicating a specific location or action. His presence on the field suggests that he is an integral part of the team and plays a crucial role in the game."
152,Q212925,Rubén de la Red," The man in the image is a soccer player, specifically a goalkeeper. He is wearing a black and white uniform, which is typical attire for soccer players. The goalkeeper is seen looking back over his shoulder, possibly assessing the situation on the field or preparing for an upcoming play. His focus and determination are evident in the image, showcasing his role as a key player in the game."
153,Q705907,Sergei Starostin," The man in the image is named ""Gary."" He is wearing a black jacket and glasses, and he appears to be a bearded man. He is standing on a deck, possibly enjoying the outdoors or attending an event. The presence of a cell phone in the image suggests that he might be using it for communication or capturing memories of the occasion."
154,Q4794405,Arnab Goswami," The man in the image is named Raju. He is wearing a blue shirt and glasses, and he appears to be a businessman. The image shows him looking at the camera, possibly for a professional portrait. It is not possible to determine his specific profession or accomplishments from the image alone, but his attire and demeanor suggest that he is likely involved in a corporate or professional setting."
155,Q906002,Peter van Merksteijn Jr.," The man in the image is a professional race car driver, wearing a purple and white uniform. He is smiling and looking at the camera, possibly posing for a photo. The driver's uniform suggests that he is part of a racing team, and his smile indicates that he is enjoying the experience. The image captures a moment of pride and accomplishment for the race car driver."
156,Q919864,Guillermo Vallori," The man in the image is a soccer player, likely a professional or a skilled amateur. He is wearing a white and blue soccer uniform, which suggests that he is part of a team. The player is walking on the field, possibly preparing for a match or taking a break during practice. His presence on the field indicates that he is actively involved in the sport and is likely dedicated to improving his skills and performance."
